run_log,run_family,config_path_logged,config_path_repo,config_exists,graphml_path,graph_num_nodes_cfg,num_deliveries_cfg,use_pretrained_model_cfg,pretrained_model_path_cfg,resume_training_cfg,flood_time_weight_cfg,landslide_time_weight_cfg,hazard_lambda_cfg,active_rain_keys_cfg,graph_nodes_log,graph_edges_log,tmax_log,device_log,run_count,first_eval_episode,last_eval_episode,best_eval_eps0_episode,best_eval_eps0_success,best_eval_eps0_reward,best_eval_eps005_episode,best_eval_eps005_success,best_eval_eps005_reward,final_eval_eps0_success,final_eval_eps005_success,final_eval_eps0_reward,final_eval_eps005_reward,best_ckpt_episode_logged,best_ckpt_success_logged,best_ckpt_reward_logged
results/runs/_no_folder/last_run.txt,_no_folder,C:\Users\japaullu.tsis\Desktop\projects\RL_framework\configs\staged_training\stage_control_1_200n_further_SCdiff.json,configs/staged_training/stage_control_1_200n_further_SCdiff.json,true,data/subgraphs/selected_subgraph_n200.graphml,200,2,true,checkpoints/stage_control_1_200n/best_model.pt,false,0.0,0.0,0.0,RI1,15,16,162.26,cuda,1,420,1500,1460,77.33,91.65,1480,81.00,104.32,71.67,73.33,65.53,72.76,1460,77.33,91.65
results/runs/_no_folder/last_run_control.txt,_no_folder,,,false,,,,,,,,,,,100,102,1706.70,cuda,0,150,30000,29000,95.00,219.43,26400,99.00,235.15,82.00,91.00,177.06,209.14,29000,95.00,219.43
results/runs/_no_folder/last_run_control_1.txt,_no_folder,,,false,,,,,,,,,,,100,102,1706.70,cuda,0,200,35000,34000,98.00,232.03,34400,100.00,239.87,96.00,94.00,226.06,218.54,34000,98.00,232.03
results/runs/_no_folder/last_run_control_1b.txt,_no_folder,C:\Users\japaullu.tsis\Desktop\projects\RL_framework\configs\no_hazard_training\no_hazard_config_control_1b.json,configs/no_hazard_training/no_hazard_config_control_1b.json,true,data/subgraphs/selected_subgraph_n100.graphml,100,2,false,,true,0.0,0.0,0.0,RI1,100,102,1706.70,cuda,2,200,35000,32600,92.00,212.05,32200,97.00,227.99,51.00,63.00,50.67,96.78,32600,92.00,212.05
results/runs/_no_folder/last_run_control_1c.txt,_no_folder,C:\Users\japaullu.tsis\Desktop\projects\RL_framework\configs\no_hazard_training\no_hazard_config_control_1c.json,configs/no_hazard_training/no_hazard_config_control_1c.json,true,data/subgraphs/selected_subgraph_n100.graphml,100,2,false,,false,0.0,0.0,0.0,RI1,100,102,1706.70,cuda,1,200,1200,600,2.00,-159.94,1000,3.00,-153.55,0.00,1.00,-163.19,-157.09,600,2.00,-159.94
results/runs/_no_folder/last_run_control_BC.txt,_no_folder,,,false,,,,,,,,,,,100,102,1706.70,cuda,0,200,16600,16600,50.00,56.22,14600,67.00,119.42,50.00,55.00,56.22,71.33,16600,50.00,56.22
results/runs/_no_folder/last_run_curriculum_v1.txt,_no_folder,,,false,,,,,,,,,,,,,,,0,,,,,,,,,,,,,,,
results/runs/_no_folder/last_run_curriculum_v2.txt,_no_folder,,,false,,,,,,,,,,,,,,,0,,,,,,,,,,,,,,,
results/runs/_no_folder/last_run_paulmino_Excellent.txt,_no_folder,,,false,,,,,,,,,,,30,30,1409.86,cuda,0,150,19950,16800,100.00,241.87,17400,100.00,241.89,100.00,100.00,241.77,241.56,18600,100.00,241.87
results/runs/_no_folder/regular_full_run_epsilon-exp.txt,_no_folder,,,false,,,,,,,,,,,,,,,0,100,5000,3700,42.00,19.75,1700,57.00,75.30,28.00,45.00,-35.65,34.14,3700,42.00,19.75
results/runs/_no_folder/regular_full_run_with_new node features.txt,_no_folder,,,false,,,,,,,,,,,,,,,0,100,2500,2100,51.00,58.26,2200,65.00,108.90,42.00,62.00,24.22,103.51,2100,51.00,58.26
results/runs/_no_folder/stage_control_1_200n.txt,_no_folder,C:\Users\japaullu.tsis\Desktop\projects\RL_framework\configs\staged_training\stage_control_1_200n.json,configs/staged_training/stage_control_1_200n.json,true,data/subgraphs/selected_subgraph_n200.graphml,200,2,false,,false,0.0,0.0,0.0,RI1,200,209,1706.70,cuda,1,200,35000,32200,92.00,210.01,30200,97.00,228.02,86.00,91.00,189.39,205.96,32200,92.00,210.01
results/runs/_no_folder/stage_control_1_200n_a100.txt,_no_folder,C:\Users\japaullu.tsis\Desktop\projects\RL_framework\configs\staged_training\stage_control_1_200n_a100.json,configs/staged_training/stage_control_1_200n_a100.json,true,data/subgraphs/selected_subgraph_n200.graphml,100,2,false,,false,0.0,0.0,0.0,RI1,100,99,1706.70,cuda,1,200,30000,28600,99.00,236.96,30000,100.00,239.93,98.00,100.00,232.75,239.93,28600,99.00,236.96
results/runs/_no_folder/stage_control_1_200n_further.txt,_no_folder,C:\Users\japaullu.tsis\Desktop\projects\RL_framework\configs\staged_training\stage_control_1_200n_further.json,configs/staged_training/stage_control_1_200n_further.json,true,data/subgraphs/selected_subgraph_n200.graphml,200,2,true,checkpoints/stage_control_1_200n/best_model.pt,false,0.0,0.0,0.0,RI1,200,209,1706.70,cuda,1,300,19800,18000,95.00,221.47,19200,99.00,235.45,89.00,96.00,199.63,222.86,18000,95.00,221.47
results/runs/_no_folder/stage_control_1_200n_further_plus_exp.txt,_no_folder,C:\Users\japaullu.tsis\Desktop\projects\RL_framework\configs\staged_training\stage_control_1_200n_further_plus_exp.json,configs/staged_training/stage_control_1_200n_further_plus_exp.json,true,data/subgraphs/selected_subgraph_n200.graphml,200,2,true,checkpoints/stage_control_1_200n/best_model.pt,false,0.0,0.0,0.0,RI1,200,209,1706.70,cuda,1,300,30000,22500,98.00,231.79,28500,99.00,234.95,92.00,96.00,208.86,223.40,22500,98.00,231.79
results/runs/_no_folder/stage_control_1_200n_further_plus_ultra.txt,_no_folder,C:\Users\japaullu.tsis\Desktop\projects\RL_framework\configs\staged_training\stage_control_1_200n_further_plus_ultra.json,configs/staged_training/stage_control_1_200n_further_plus_ultra.json,true,data/subgraphs/selected_subgraph_n200.graphml,200,2,true,checkpoints/stage_control_1_200n/best_model.pt,false,0.0,0.0,0.0,RI1,200,209,1706.70,cuda,1,300,15000,12000,95.00,221.24,6600,98.00,232.62,87.00,91.00,193.47,205.01,12000,95.00,221.24
results/runs/_no_folder/stage_control_1_200n_further_SCdiff.txt,_no_folder,C:\Users\japaullu.tsis\Desktop\projects\RL_framework\configs\staged_training\stage_control_1_200n_further_SCdiff.json,configs/staged_training/stage_control_1_200n_further_SCdiff.json,true,data/subgraphs/selected_subgraph_n200.graphml,200,2,true,checkpoints/stage_control_1_200n/best_model.pt,false,0.0,0.0,0.0,RI1,200,209,1706.70,cuda,1,300,19800,17700,95.00,220.94,12300,96.00,223.03,86.00,94.00,183.05,215.70,17700,95.00,220.94
results/runs/hazard_training/last_run_stage_200_RI1.txt,hazard_training,C:\Users\japaullu.tsis\Desktop\projects\RL_framework\configs\hazard_training\stage_200_RI1.json,configs/hazard_training/stage_200_RI1.json,true,data/staged_subgraphs/selected_subgraph_n200.graphml,200,2,true,checkpoints/staged_training/stage_200/best_model.pt,false,0.5,0.5,10.0,RI1,200,209,4171.94,cuda,1,300,21900,11400,86.50,98.25,20700,92.50,127.43,73.00,87.00,42.97,99.17,11400,86.50,98.25
results/runs/hazard_training/last_run_stage_200_RI1n2.txt,hazard_training,C:\Users\japaullu.tsis\Desktop\projects\RL_framework\configs\hazard_training\stage_200_RI1n2.json,configs/hazard_training/stage_200_RI1n2.json,true,data/staged_subgraphs/selected_subgraph_n200.graphml,200,2,true,checkpoints/staged_training/stage_200/best_model.pt,true,0.5,0.5,10.0,"RI1,RI2",200,209,4171.94,cuda,3,300,21900,15900,37.00,-123.44,6900,52.00,-145.48,31.00,32.50,-158.13,-159.12,15900,37.00,-123.44
results/runs/hazard_training_200/last_run_stage_200_balanced_multi_RI123_det.txt,hazard_training_200,C:\Users\ASUS\Documents\- COLLEGE -\4th Year\2nd Sem\2nd Sem - Thesis\RL_framework\configs\hazard_training_200\stage_200_balanced_multi_RI123_det.json,configs/hazard_training_200/stage_200_balanced_multi_RI123_det.json,true,data/staged_subgraphs/selected_subgraph_n200.graphml,200,2,true,checkpoints/profile_training_new/stage_200_balanced_warm/best_model.pt,true,0.0,0.0,10.0,"RI1,RI2,RI3",200,209,4171.94,cpu,2,300,18000,9000,65.00,12.26,10500,65.50,35.97,55.00,63.50,-9.39,35.30,9000,65.00,12.26
results/runs/hazard_training_200/last_run_stage_200_balanced_multi_RI_det.txt,hazard_training_200,C:\Users\japaullu.tsis\Desktop\projects\RL_framework\configs\hazard_training_200\stage_200_balanced_multi_RI_det.json,configs/hazard_training_200/stage_200_balanced_multi_RI_det.json,true,data/staged_subgraphs/selected_subgraph_n200.graphml,200,2,true,checkpoints/profile_training_new/stage_200_balanced_warm/best_model.pt,true,0.0,0.0,10.0,"RI1,RI2,RI3,RI4,RI5",200,209,4171.94,cuda,2,300,18000,15000,39.00,-61.28,16200,49.00,-5.11,35.50,35.50,-71.59,-58.06,15000,39.00,-61.28
results/runs/hazard_training_200/last_run_stage_200_fast_multi_RI_det.txt,hazard_training_200,C:\Users\japaullu.tsis\Desktop\projects\RL_framework\configs\hazard_training_200\stage_200_fast_multi_RI_det.json,configs/hazard_training_200/stage_200_fast_multi_RI_det.json,true,data/staged_subgraphs/selected_subgraph_n200.graphml,200,2,true,checkpoints/profile_training_new/stage_200_fast_warm/best_model.pt,false,0.0,0.0,5.0,"RI1,RI2,RI3,RI4,RI5",200,209,4171.94,cuda,1,300,18000,10200,39.00,-34.09,10500,44.00,-13.87,28.50,27.00,-78.56,-80.95,10200,39.00,-34.09
results/runs/hazard_training_200/last_run_stage_200_safe_multi_RI_det.txt,hazard_training_200,C:\Users\japaullu.tsis\Desktop\projects\RL_framework\configs\hazard_training_200\stage_200_safe_multi_RI_det.json,configs/hazard_training_200/stage_200_safe_multi_RI_det.json,true,data/staged_subgraphs/selected_subgraph_n200.graphml,200,2,true,checkpoints/profile_training_new/stage_200_safe_warm/best_model.pt,false,0.0,0.0,20.0,"RI1,RI2,RI3,RI4,RI5",200,209,4171.94,cuda,1,300,18000,11400,38.00,-75.80,16200,43.00,-68.58,29.50,30.50,-107.92,-126.01,11400,38.00,-75.80
results/runs/hazard_training_final/balanced_HF/last_run_stage_200_balanced_HF_RI2_det.txt,hazard_training_final/balanced_HF,C:\Users\ASUS\Documents\- COLLEGE -\4th Year\2nd Sem\2nd Sem - Thesis\RL_framework\configs\hazard_training_final\balanced_HF\stage_200_balanced_HF_RI2_det.json,configs/hazard_training_final/balanced_HF/stage_200_balanced_HF_RI2_det.json,true,data/staged_subgraphs/selected_subgraph_n200.graphml,200,2,true,checkpoints/profile_training_new/stage_200_balanced_warm_HF/best_model.pt,false,0.5,0.5,10,RI2,200,209,4171.94,cpu,1,200,8000,5600,74.50,37.35,8000,80.00,69.61,72.00,80.00,31.11,69.61,5600,74.50,37.35
results/runs/hazard_training_final/balanced_HF/last_run_stage_200_balanced_HF_RI2_det_further.txt,hazard_training_final/balanced_HF,C:\Users\ASUS\Documents\- COLLEGE -\4th Year\2nd Sem\2nd Sem - Thesis\RL_framework\configs\hazard_training_final\balanced_HF\stage_200_balanced_HF_RI2_det_further.json,configs/hazard_training_final/balanced_HF/stage_200_balanced_HF_RI2_det_further.json,true,data/staged_subgraphs/selected_subgraph_n200.graphml,200,2,true,checkpoints/hazard_training_final/balanced_HF/stage_200_balanced_HF_RI2_det/best_model.pt,false,0.5,0.5,10,RI2,200,209,4171.94,cpu,1,200,12000,11800,83.50,87.60,11000,86.00,107.25,77.50,85.00,75.10,96.08,11800,83.50,87.60
results/runs/hazard_training_final/balanced_HF/last_run_stage_200_balanced_HF_RI3_det.txt,hazard_training_final/balanced_HF,C:\Users\ASUS\Documents\- COLLEGE -\4th Year\2nd Sem\2nd Sem - Thesis\RL_framework\configs\hazard_training_final\balanced_HF\stage_200_balanced_HF_RI3_det.json,configs/hazard_training_final/balanced_HF/stage_200_balanced_HF_RI3_det.json,true,data/staged_subgraphs/selected_subgraph_n200.graphml,200,2,true,checkpoints/profile_training_new/stage_200_balanced_warm_HF/best_model.pt,false,0.5,0.5,10,RI3,200,209,4171.94,cpu,1,200,8000,6200,16.50,-104.80,6800,17.50,-98.72,13.00,14.50,-113.61,-108.78,6200,16.50,-104.80
results/runs/hazard_training_final/balanced_HF/last_run_stage_200_balanced_HF_RI4_det.txt,hazard_training_final/balanced_HF,C:\Users\ASUS\Documents\- COLLEGE -\4th Year\2nd Sem\2nd Sem - Thesis\RL_framework\configs\hazard_training_final\balanced_HF\stage_200_balanced_HF_RI4_det.json,configs/hazard_training_final/balanced_HF/stage_200_balanced_HF_RI4_det.json,true,data/staged_subgraphs/selected_subgraph_n200.graphml,200,2,true,checkpoints/profile_training_new/stage_200_balanced_warm_HF/best_model.pt,false,0.5,0.5,10,RI4,200,209,4171.94,cpu,1,200,5000,1800,7.50,-132.12,1400,7.50,-134.73,3.00,6.00,-148.88,-137.80,1800,7.50,-132.12
results/runs/hazard_training_final/balanced_HF/last_run_stage_200_balanced_HF_RI5_det.txt,hazard_training_final/balanced_HF,C:\Users\ASUS\Documents\- COLLEGE -\4th Year\2nd Sem\2nd Sem - Thesis\RL_framework\configs\hazard_training_final\balanced_HF\stage_200_balanced_HF_RI5_det.json,configs/hazard_training_final/balanced_HF/stage_200_balanced_HF_RI5_det.json,true,data/staged_subgraphs/selected_subgraph_n200.graphml,200,2,true,checkpoints/profile_training_new/stage_200_balanced_warm_HF/best_model.pt,false,0.5,0.5,10,RI5,200,209,4171.94,cpu,1,200,5000,200,0.00,-160.00,400,0.50,-158.02,0.00,0.00,-160.00,-160.00,200,0.00,-160.00
results/runs/hazard_training_final/fast_HF/last_run_stage_200_fast_HF_RI2_det.txt,hazard_training_final/fast_HF,C:\Users\ASUS\Documents\- COLLEGE -\4th Year\2nd Sem\2nd Sem - Thesis\RL_framework\configs\hazard_training_final\fast_HF\stage_200_fast_HF_RI2_det.json,configs/hazard_training_final/fast_HF/stage_200_fast_HF_RI2_det.json,true,data/staged_subgraphs/selected_subgraph_n200.graphml,200,2,true,checkpoints/profile_training_new/stage_200_fast_warm_HF/best_model.pt,false,0.5,0.5,5,RI2,200,209,4171.94,cpu,1,200,8000,7400,74.00,55.64,8000,84.50,98.74,73.00,84.50,67.67,98.74,7400,74.00,55.64
results/runs/hazard_training_final/fast_HF/last_run_stage_200_fast_HF_RI2_det_further.txt,hazard_training_final/fast_HF,C:\Users\ASUS\Documents\- COLLEGE -\4th Year\2nd Sem\2nd Sem - Thesis\RL_framework\configs\hazard_training_final\fast_HF\stage_200_fast_HF_RI2_det_further.json,configs/hazard_training_final/fast_HF/stage_200_fast_HF_RI2_det_further.json,true,data/staged_subgraphs/selected_subgraph_n200.graphml,200,2,true,checkpoints/hazard_training_final/fast_HF/stage_200_fast_HF_RI2_det/best_model.pt,false,0.5,0.5,5,RI2,200,209,4171.94,cpu,1,200,12000,6600,80.00,101.72,9800,86.50,130.38,79.50,80.00,100.38,105.67,6600,80.00,101.72
results/runs/hazard_training_final/fast_HF/last_run_stage_200_fast_HF_RI3_det.txt,hazard_training_final/fast_HF,C:\Users\ASUS\Documents\- COLLEGE -\4th Year\2nd Sem\2nd Sem - Thesis\RL_framework\configs\hazard_training_final\fast_HF\stage_200_fast_HF_RI3_det.json,configs/hazard_training_final/fast_HF/stage_200_fast_HF_RI3_det.json,true,data/staged_subgraphs/selected_subgraph_n200.graphml,200,2,true,checkpoints/profile_training_new/stage_200_fast_warm_HF/best_model.pt,false,0.5,0.5,5,RI3,200,209,4171.94,cpu,1,200,8000,7400,18.00,-93.35,2200,19.00,-92.58,12.50,13.50,-116.18,-110.18,7400,18.00,-93.35
results/runs/hazard_training_final/fast_HF/last_run_stage_200_fast_HF_RI4_det.txt,hazard_training_final/fast_HF,C:\Users\ASUS\Documents\- COLLEGE -\4th Year\2nd Sem\2nd Sem - Thesis\RL_framework\configs\hazard_training_final\fast_HF\stage_200_fast_HF_RI4_det.json,configs/hazard_training_final/fast_HF/stage_200_fast_HF_RI4_det.json,true,data/staged_subgraphs/selected_subgraph_n200.graphml,200,2,true,checkpoints/profile_training_new/stage_200_fast_warm_HF/best_model.pt,false,0.5,0.5,5,RI4,200,209,4171.94,cpu,1,200,5000,1200,8.00,-130.06,2200,9.50,-124.63,5.00,5.50,-141.32,-139.42,1200,8.00,-130.06
results/runs/hazard_training_final/fast_HF/last_run_stage_200_fast_HF_RI5_det.txt,hazard_training_final/fast_HF,C:\Users\ASUS\Documents\- COLLEGE -\4th Year\2nd Sem\2nd Sem - Thesis\RL_framework\configs\hazard_training_final\fast_HF\stage_200_fast_HF_RI5_det.json,configs/hazard_training_final/fast_HF/stage_200_fast_HF_RI5_det.json,true,data/staged_subgraphs/selected_subgraph_n200.graphml,200,2,true,checkpoints/profile_training_new/stage_200_fast_warm_HF/best_model.pt,false,0.5,0.5,5,RI5,200,209,4171.94,cpu,1,200,5000,3000,0.50,-158.02,4600,1.00,-156.05,0.00,0.50,-160.00,-158.03,3000,0.50,-158.02
results/runs/hazard_training_final/safe_HF/last_run_stage_200_safe_HF_RI2_det.txt,hazard_training_final/safe_HF,C:\Users\ASUS\Documents\- COLLEGE -\4th Year\2nd Sem\2nd Sem - Thesis\RL_framework\configs\hazard_training_final\safe_HF\stage_200_safe_HF_RI2_det.json,configs/hazard_training_final/safe_HF/stage_200_safe_HF_RI2_det.json,true,data/staged_subgraphs/selected_subgraph_n200.graphml,200,2,true,checkpoints/profile_training_new/stage_200_safe_warm_HF/best_model.pt,false,0.5,0.5,20,RI2,200,209,4171.94,cpu,1,200,8000,7600,62.00,-67.37,7200,64.00,-31.66,52.00,63.00,-110.96,-110.09,7600,62.00,-67.37
results/runs/hazard_training_final/safe_HF/last_run_stage_200_safe_HF_RI2_det_further.txt,hazard_training_final/safe_HF,C:\Users\ASUS\Documents\- COLLEGE -\4th Year\2nd Sem\2nd Sem - Thesis\RL_framework\configs\hazard_training_final\safe_HF\stage_200_safe_HF_RI2_det_further.json,configs/hazard_training_final/safe_HF/stage_200_safe_HF_RI2_det_further.json,true,data/staged_subgraphs/selected_subgraph_n200.graphml,200,2,true,checkpoints/hazard_training_final/safe_HF/stage_200_safe_HF_RI2_det/best_model.pt,false,0.5,0.5,20,RI2,200,209,4740.85,cpu,1,200,12000,12000,71.50,-27.66,8000,80.00,-11.71,71.50,69.50,-27.66,-17.65,12000,71.50,-27.66
results/runs/hazard_training_final/safe_HF/last_run_stage_200_safe_HF_RI2_det_lo_lambda.txt,hazard_training_final/safe_HF,C:\Users\ASUS\Documents\- COLLEGE -\4th Year\2nd Sem\2nd Sem - Thesis\RL_framework\configs\hazard_training_final\safe_HF\stage_200_safe_HF_RI2_det_lo_lambda.json,configs/hazard_training_final/safe_HF/stage_200_safe_HF_RI2_det_lo_lambda.json,true,data/staged_subgraphs/selected_subgraph_n200.graphml,200,2,true,checkpoints/profile_training_new/stage_200_safe_warm_HF/best_model.pt,false,0.5,0.5,15,RI2,200,209,4740.85,cpu,1,200,12000,12000,77.50,54.20,10800,84.50,56.25,77.50,78.50,54.20,41.43,12000,77.50,54.20
results/runs/hazard_training_final/safe_HF/last_run_stage_200_safe_HF_RI3_det.txt,hazard_training_final/safe_HF,C:\Users\ASUS\Documents\- COLLEGE -\4th Year\2nd Sem\2nd Sem - Thesis\RL_framework\configs\hazard_training_final\safe_HF\stage_200_safe_HF_RI3_det.json,configs/hazard_training_final/safe_HF/stage_200_safe_HF_RI3_det.json,true,data/staged_subgraphs/selected_subgraph_n200.graphml,200,2,true,checkpoints/profile_training_new/stage_200_safe_warm_HF/best_model.pt,false,0.5,0.5,20,RI3,200,209,4171.94,cpu,1,200,8000,1800,14.50,-118.88,6800,16.50,-106.53,10.50,11.50,-126.15,-126.44,1800,14.50,-118.88
results/runs/hazard_training_final/safe_HF/last_run_stage_200_safe_HF_RI4_det.txt,hazard_training_final/safe_HF,C:\Users\ASUS\Documents\- COLLEGE -\4th Year\2nd Sem\2nd Sem - Thesis\RL_framework\configs\hazard_training_final\safe_HF\stage_200_safe_HF_RI4_det.json,configs/hazard_training_final/safe_HF/stage_200_safe_HF_RI4_det.json,true,data/staged_subgraphs/selected_subgraph_n200.graphml,200,2,true,checkpoints/profile_training_new/stage_200_safe_warm_HF/best_model.pt,false,0.5,0.5,20,RI4,200,209,4171.94,cpu,1,200,5000,400,6.00,-138.99,4600,7.00,-135.67,5.00,5.00,-142.48,-143.06,400,6.00,-138.99
results/runs/hazard_training_final/safe_HF/last_run_stage_200_safe_HF_RI5_det.txt,hazard_training_final/safe_HF,C:\Users\ASUS\Documents\- COLLEGE -\4th Year\2nd Sem\2nd Sem - Thesis\RL_framework\configs\hazard_training_final\safe_HF\stage_200_safe_HF_RI5_det.json,configs/hazard_training_final/safe_HF/stage_200_safe_HF_RI5_det.json,true,data/staged_subgraphs/selected_subgraph_n200.graphml,200,2,true,checkpoints/profile_training_new/stage_200_safe_warm_HF/best_model.pt,false,0.5,0.5,20,RI5,200,209,4171.94,cpu,1,200,5000,3200,0.50,-158.00,200,0.00,-160.00,0.00,0.00,-160.00,-160.00,3200,0.50,-158.00
results/runs/hazard_training_new/fine_tuned/last_run_stage_100_balanced_RI3_from_RI2_det.txt,hazard_training_new/fine_tuned,C:\Users\japaullu.tsis\Desktop\projects\RL_framework\configs\hazard_training_new\fine_tuned\stage_100_balanced_RI3_from_RI2_det.json,configs/hazard_training_new/fine_tuned/stage_100_balanced_RI3_from_RI2_det.json,true,data/staged_subgraphs/selected_subgraph_n100.graphml,100,2,true,checkpoints/hazard_training_new/stage_100_balanced_RI2_det/best_model.pt,false,0.5,0.5,10.0,RI3,100,102,1991.16,cuda,1,200,7000,6800,27.50,-59.27,2800,25.00,-68.43,24.00,22.50,-71.61,-78.15,6800,27.50,-59.27
results/runs/hazard_training_new/fine_tuned/last_run_stage_100_balanced_RI4_from_RI3_det.txt,hazard_training_new/fine_tuned,C:\Users\japaullu.tsis\Desktop\projects\RL_framework\configs\hazard_training_new\fine_tuned\stage_100_balanced_RI4_from_RI3_det.json,configs/hazard_training_new/fine_tuned/stage_100_balanced_RI4_from_RI3_det.json,true,data/staged_subgraphs/selected_subgraph_n100.graphml,100,2,true,checkpoints/hazard_training_new/fine_tuned/stage_100_balanced_RI3_from_RI2_det/best_model.pt,false,0.5,0.5,10.0,"RI1,RI2,RI3,RI4",100,102,1991.16,cuda,1,200,9000,6200,14.50,-105.26,3800,14.00,-107.34,9.00,10.00,-126.34,-122.10,6200,14.50,-105.26
results/runs/hazard_training_new/fine_tuned/last_run_stage_100_balanced_RI5_from_RI4_det.txt,hazard_training_new/fine_tuned,C:\Users\japaullu.tsis\Desktop\projects\RL_framework\configs\hazard_training_new\fine_tuned\stage_100_balanced_RI5_from_RI4_det.json,configs/hazard_training_new/fine_tuned/stage_100_balanced_RI5_from_RI4_det.json,true,data/staged_subgraphs/selected_subgraph_n100.graphml,100,2,true,checkpoints/hazard_training_new/fine_tuned/stage_100_balanced_RI4_from_RI3_det/best_model.pt,false,0.5,0.5,10.0,RI5,100,102,1991.16,cuda,1,200,10000,10000,1.00,-156.06,400,0.50,-158.01,1.00,0.50,-156.06,-158.01,10000,1.00,-156.06
results/runs/hazard_training_new/last_run_stage_100_balanced_multi_RI123_det.txt,hazard_training_new,C:\Users\japaullu.tsis\Desktop\projects\RL_framework\configs\hazard_training_new\stage_100_balanced_multi_RI123_det.json,configs/hazard_training_new/stage_100_balanced_multi_RI123_det.json,true,data/staged_subgraphs/selected_subgraph_n100.graphml,100,2,true,checkpoints/staged_training_new/stage_100_balanced_warm/best_model.pt,true,0.5,0.5,10.0,"RI1,RI2,RI3",100,102,1991.16,cuda,2,200,11000,2800,66.00,68.27,11000,64.50,64.74,56.50,64.50,23.41,64.74,2800,66.00,68.27
results/runs/hazard_training_new/last_run_stage_100_balanced_multi_RI23_det.txt,hazard_training_new,C:\Users\japaullu.tsis\Desktop\projects\RL_framework\configs\hazard_training_new\stage_100_balanced_multi_RI23_det.json,configs/hazard_training_new/stage_100_balanced_multi_RI23_det.json,true,data/staged_subgraphs/selected_subgraph_n100.graphml,100,2,true,checkpoints/staged_training_new/stage_100_balanced_warm/best_model.pt,false,0.5,0.5,10.0,"RI2,RI3",100,102,1991.16,cuda,1,200,9000,8400,44.50,-10.22,5600,44.50,-7.26,37.00,36.50,-35.11,-37.54,8400,44.50,-10.22
results/runs/hazard_training_new/last_run_stage_100_balanced_multi_RI_det.txt,hazard_training_new,C:\Users\japaullu.tsis\Desktop\projects\RL_framework\configs\hazard_training_new\stage_100_balanced_multi_RI_det.json,configs/hazard_training_new/stage_100_balanced_multi_RI_det.json,true,data/staged_subgraphs/selected_subgraph_n100.graphml,100,2,true,checkpoints/staged_training_new/stage_100_balanced_warm/best_model.pt,false,0.5,0.5,10.0,"RI1,RI2,RI3,RI4,RI5",100,102,1991.16,cuda,1,200,12000,5000,31.00,-48.07,10000,29.50,-57.46,25.00,26.00,-74.75,-68.75,5000,31.00,-48.07
results/runs/hazard_training_new/last_run_stage_100_balanced_RI2_det.txt,hazard_training_new,C:\Users\japaullu.tsis\Desktop\projects\RL_framework\configs\hazard_training_new\stage_100_balanced_RI2_det.json,configs/hazard_training_new/stage_100_balanced_RI2_det.json,true,data/staged_subgraphs/selected_subgraph_n100.graphml,100,2,true,checkpoints/staged_training_new/stage_100_balanced_warm/best_model.pt,false,0.5,0.5,10.0,RI2,100,102,1991.16,cuda,1,200,5000,4000,63.00,64.96,2400,64.00,57.92,55.00,55.50,30.31,30.84,4000,63.00,64.96
results/runs/hazard_training_new/last_run_stage_100_balanced_RI3_det.txt,hazard_training_new,C:\Users\japaullu.tsis\Desktop\projects\RL_framework\configs\hazard_training_new\stage_100_balanced_RI3_det.json,configs/hazard_training_new/stage_100_balanced_RI3_det.json,true,data/staged_subgraphs/selected_subgraph_n100.graphml,100,2,true,checkpoints/staged_training_new/stage_100_balanced_warm/best_model.pt,false,0.5,0.5,10.0,RI3,100,102,1991.16,cuda,1,200,7000,1800,26.50,-62.57,4000,27.00,-61.59,20.50,18.00,-84.45,-95.15,1800,26.50,-62.57
results/runs/hazard_training_new/last_run_stage_100_balanced_RI4_det.txt,hazard_training_new,C:\Users\japaullu.tsis\Desktop\projects\RL_framework\configs\hazard_training_new\stage_100_balanced_RI4_det.json,configs/hazard_training_new/stage_100_balanced_RI4_det.json,true,data/staged_subgraphs/selected_subgraph_n100.graphml,100,2,true,checkpoints/staged_training_new/stage_100_balanced_warm/best_model.pt,false,0.5,0.5,10.0,RI4,100,102,1991.16,cuda,1,200,9000,2000,12.50,-115.45,9000,14.50,-106.02,11.00,14.50,-118.58,-106.02,2000,12.50,-115.45
results/runs/hazard_training_new/last_run_stage_100_balanced_RI5_det.txt,hazard_training_new,C:\Users\japaullu.tsis\Desktop\projects\RL_framework\configs\hazard_training_new\stage_100_balanced_RI5_det.json,configs/hazard_training_new/stage_100_balanced_RI5_det.json,true,data/staged_subgraphs/selected_subgraph_n100.graphml,100,2,true,checkpoints/staged_training_new/stage_100_balanced_warm/best_model.pt,false,0.5,0.5,10.0,RI5,100,102,1991.16,cuda,1,200,10000,4600,0.50,-158.01,6600,0.50,-158.01,0.00,0.00,-160.00,-160.00,4600,0.50,-158.01
results/runs/profile_training/last_run_stage_200_RI1_balanced.txt,profile_training,C:\Users\japaullu.tsis\Desktop\projects\RL_framework\configs\profile_training\stage_200_RI1_balanced.json,configs/profile_training/stage_200_RI1_balanced.json,true,data/staged_subgraphs/selected_subgraph_n200.graphml,200,2,true,checkpoints/hazard_training/stage_200_RI1/best_model.pt,true,0.5,0.5,10.0,RI1,200,209,4171.94,cuda,2,300,12000,11400,87.50,104.61,2400,96.00,137.47,87.50,91.00,99.75,121.55,11400,87.50,104.61
results/runs/profile_training/last_run_stage_200_RI_balanced.txt,profile_training,C:\Users\japaullu.tsis\Desktop\projects\RL_framework\configs\profile_training\stage_200_RI_balanced.json,configs/profile_training/stage_200_RI_balanced.json,true,data/staged_subgraphs/selected_subgraph_n200.graphml,200,2,true,checkpoints/staged_training/stage_200/best_model.pt,true,0.5,0.5,10.0,RI1,200,209,4171.94,cuda,2,300,12000,12000,83.00,84.50,12000,93.00,117.09,83.00,93.00,84.50,117.09,12000,83.00,84.50
results/runs/profile_training/last_run_stage_200_RI_balanced_further.txt,profile_training,C:\Users\japaullu.tsis\Desktop\projects\RL_framework\configs\profile_training\stage_200_RI_balanced_further.json,configs/profile_training/stage_200_RI_balanced_further.json,true,data/staged_subgraphs/selected_subgraph_n200.graphml,200,2,true,checkpoints/profile_training/stage_200_RI_balanced/best_model.pt,true,0.5,0.5,10.0,RI1,200,209,4171.94,cuda,2,300,19800,9600,85.00,88.10,18000,93.50,120.26,82.00,87.50,79.62,73.28,9600,85.00,88.10
results/runs/profile_training/last_run_stage_200_RI_balanced_latest.txt,profile_training,C:\Users\japaullu.tsis\Desktop\projects\RL_framework\configs\profile_training\stage_200_RI_balanced_latest.json,configs/profile_training/stage_200_RI_balanced_latest.json,true,data/staged_subgraphs/selected_subgraph_n200.graphml,200,2,true,checkpoints/staged_training/stage_200/best_model.pt,false,0.5,0.5,10.0,RI1,200,209,4171.94,cuda,1,300,12000,11100,82.50,61.38,11700,93.00,110.17,72.50,83.50,28.34,44.78,11100,82.50,61.38
results/runs/profile_training/last_run_stage_200_RI_balanced_latest_further.txt,profile_training,C:\Users\japaullu.tsis\Desktop\projects\RL_framework\configs\profile_training\stage_200_RI_balanced_latest_further.json,configs/profile_training/stage_200_RI_balanced_latest_further.json,true,data/staged_subgraphs/selected_subgraph_n200.graphml,200,2,true,checkpoints/profile_training/stage_200_RI_balanced_latest/best_model.pt,true,0.5,0.5,10.0,RI1,200,209,4171.94,cuda,2,300,34800,23700,90.50,104.20,34500,95.00,116.78,79.00,92.50,45.62,114.02,23700,90.50,104.20
results/runs/profile_training/last_run_stage_200_RI_fast.txt,profile_training,C:\Users\japaullu.tsis\Desktop\projects\RL_framework\configs\profile_training\stage_200_RI_fast.json,configs/profile_training/stage_200_RI_fast.json,true,data/staged_subgraphs/selected_subgraph_n200.graphml,200,2,true,checkpoints/profile_training/stage_200_RI_balanced/best_model.pt,false,0.5,0.5,5.0,RI1,200,209,4171.94,cuda,1,200,5000,2200,88.50,143.59,2600,94.50,166.51,69.50,88.00,40.35,123.76,2200,88.50,143.59
results/runs/profile_training/last_run_stage_200_RI_fast_further.txt,profile_training,C:\Users\japaullu.tsis\Desktop\projects\RL_framework\configs\profile_training\stage_200_RI_fast_further.json,configs/profile_training/stage_200_RI_fast_further.json,true,data/staged_subgraphs/selected_subgraph_n200.graphml,200,2,true,checkpoints/profile_training/stage_200_RI_fast/best_model.pt,true,0.5,0.5,5.0,RI1,200,209,4171.94,cuda,2,200,20000,16000,91.00,147.78,18200,97.00,174.34,82.00,93.00,113.68,153.96,16000,91.00,147.78
results/runs/profile_training_new/last_run_stage_200_balanced_warm.txt,profile_training_new,C:\Users\japaullu.tsis\Desktop\projects\RL_framework\configs\profile_training_new\stage_200_balanced_warm.json,configs/profile_training_new/stage_200_balanced_warm.json,true,data/staged_subgraphs/selected_subgraph_n200.graphml,200,2,true,checkpoints/staged_training/stage_200_further/best_model.pt,false,0.0,0.0,10.0,RI1,200,209,4171.94,cuda,1,300,15000,12000,99.50,167.44,10500,100.00,167.02,97.00,98.00,143.14,152.97,12000,99.50,167.44
results/runs/profile_training_new/last_run_stage_200_balanced_warm_alt_lr.txt,profile_training_new,C:\Users\japaullu.tsis\Desktop\projects\RL_framework\configs\profile_training_new\stage_200_balanced_warm_alt_lr.json,configs/profile_training_new/stage_200_balanced_warm_alt_lr.json,true,data/staged_subgraphs/selected_subgraph_n200.graphml,200,2,true,checkpoints/staged_training/stage_200_further/best_model.pt,true,0.0,0.0,10.0,RI1,200,209,4171.94,cuda,2,300,15000,14400,99.00,164.37,7800,100.00,164.38,97.50,99.00,157.54,161.10,14400,99.00,164.37
results/runs/profile_training_new/last_run_stage_200_fast_warm.txt,profile_training_new,C:\Users\japaullu.tsis\Desktop\projects\RL_framework\configs\profile_training_new\stage_200_fast_warm.json,configs/profile_training_new/stage_200_fast_warm.json,true,data/staged_subgraphs/selected_subgraph_n200.graphml,200,2,true,checkpoints/staged_training/stage_200_further/best_model.pt,false,0.0,0.0,5.0,RI1,200,209,4171.94,cuda,1,300,15000,7800,100.00,197.23,14400,100.00,196.60,97.00,99.50,184.86,190.44,7800,100.00,197.23
results/runs/profile_training_new/last_run_stage_200_fast_warm_alt_lr.txt,profile_training_new,C:\Users\japaullu.tsis\Desktop\projects\RL_framework\configs\profile_training_new\stage_200_fast_warm_alt_lr.json,configs/profile_training_new/stage_200_fast_warm_alt_lr.json,true,data/staged_subgraphs/selected_subgraph_n200.graphml,200,2,true,checkpoints/staged_training/stage_200_further/best_model.pt,true,0.0,0.0,5.0,RI1,200,209,4171.94,cuda,2,300,15000,4200,99.50,192.92,9600,100.00,194.61,98.00,99.50,186.75,191.49,4200,99.50,192.92
results/runs/profile_training_new/last_run_stage_200_safe_warm.txt,profile_training_new,C:\Users\japaullu.tsis\Desktop\projects\RL_framework\configs\profile_training_new\stage_200_safe_warm.json,configs/profile_training_new/stage_200_safe_warm.json,true,data/staged_subgraphs/selected_subgraph_n200.graphml,200,2,true,checkpoints/staged_training/stage_200_further/best_model.pt,false,0.0,0.0,20.0,RI1,200,209,4171.94,cuda,1,300,15000,15000,97.50,98.75,10500,100.00,90.67,97.50,98.50,98.75,84.21,15000,97.50,98.75
results/runs/profile_training_new/last_run_stage_200_safe_warm_alt_lr.txt,profile_training_new,C:\Users\ASUS\Documents\- COLLEGE -\4th Year\2nd Sem\2nd Sem - Thesis\RL_framework\configs\profile_training_new\stage_200_safe_warm_alt_lr.json,configs/profile_training_new/stage_200_safe_warm_alt_lr.json,true,data/staged_subgraphs/selected_subgraph_n200.graphml,200,2,true,checkpoints/staged_training/stage_200_further/best_model.pt,false,0.0,0.0,20.0,RI1,200,209,4171.94,cpu,1,300,15000,10500,95.50,68.94,12900,99.50,94.07,89.50,99.00,55.09,92.40,10500,95.50,68.94
results/runs/profile_training_new/with_HF/last_run_stage_200_balanced_warm_HF.txt,profile_training_new/with_HF,C:\Users\ASUS\Documents\- COLLEGE -\4th Year\2nd Sem\2nd Sem - Thesis\RL_framework\configs\profile_training_new\with_HF\stage_200_balanced_warm_HF.json,configs/profile_training_new/with_HF/stage_200_balanced_warm_HF.json,true,data/staged_subgraphs/selected_subgraph_n200.graphml,200,2,true,checkpoints/staged_training/stage_200_further/best_model.pt,false,0.5,0.5,10.0,RI1,200,209,4171.94,cpu,1,300,15000,9900,99.50,163.99,12300,100.00,165.83,98.50,99.50,162.90,157.14,9900,99.50,163.99
results/runs/profile_training_new/with_HF/last_run_stage_200_fast_warm_HF.txt,profile_training_new/with_HF,C:\Users\japaullu.tsis\Desktop\projects\RL_framework\configs\profile_training_new\with_HF\stage_200_fast_warm_HF.json,configs/profile_training_new/with_HF/stage_200_fast_warm_HF.json,true,data/staged_subgraphs/selected_subgraph_n200.graphml,200,2,true,checkpoints/staged_training/stage_200_further/best_model.pt,true,0.5,0.5,5.0,RI1,200,209,4171.94,cuda,2,300,15000,5100,100.00,195.32,11400,100.00,191.85,98.50,100.00,186.59,190.67,5100,100.00,195.32
results/runs/profile_training_new/with_HF/last_run_stage_200_safe_warm_HF.txt,profile_training_new/with_HF,C:\Users\ASUS\Documents\- COLLEGE -\4th Year\2nd Sem\2nd Sem - Thesis\RL_framework\configs\profile_training_new\with_HF\stage_200_safe_warm_HF.json,configs/profile_training_new/with_HF/stage_200_safe_warm_HF.json,true,data/staged_subgraphs/selected_subgraph_n200.graphml,200,2,true,checkpoints/staged_training/stage_200_further/best_model.pt,false,0.5,0.5,20.0,RI1,200,209,4171.94,cpu,1,300,15000,12900,96.50,94.73,12300,99.50,96.31,94.00,97.50,67.47,81.55,12900,96.50,94.73
results/runs/staged_training/last_run_stage_100.txt,staged_training,C:\Users\japaullu.tsis\Desktop\projects\RL_framework\configs\staged_training\stage_100.json,configs/staged_training/stage_100.json,true,data/staged_subgraphs/selected_subgraph_n100.graphml,100,2,true,checkpoints/staged_training/stage_control/best_model.pt,false,0.0,0.0,0.0,RI1,100,102,1991.16,cuda,1,200,12000,3000,98.50,234.85,11600,100.00,240.37,94.50,99.00,220.11,236.37,3000,98.50,234.85
results/runs/staged_training/last_run_stage_100_no_optim.txt,staged_training,C:\Users\japaullu.tsis\Desktop\projects\RL_framework\configs\staged_training\stage_100_no_optim.json,configs/staged_training/stage_100_no_optim.json,true,data/staged_subgraphs/selected_subgraph_n100.graphml,100,2,true,checkpoints/staged_training/stage_control/best_model.pt,false,0.0,0.0,0.0,RI1,100,102,1991.16,cuda,1,200,12000,5600,99.50,238.55,11600,100.00,240.33,94.50,98.50,219.45,234.79,5600,99.50,238.55
results/runs/staged_training/last_run_stage_150.txt,staged_training,C:\Users\japaullu.tsis\Desktop\projects\RL_framework\configs\staged_training\stage_150.json,configs/staged_training/stage_150.json,true,data/staged_subgraphs/selected_subgraph_n150.graphml,150,2,true,checkpoints/staged_training/stage_100_no_optim/best_model.pt,false,0.0,0.0,0.0,RI1,150,156,2986.73,cuda,1,200,16000,12200,89.50,197.93,13200,96.00,224.71,75.00,85.00,148.91,185.55,12200,89.50,197.93
results/runs/staged_training/last_run_stage_150_further.txt,staged_training,C:\Users\japaullu.tsis\Desktop\projects\RL_framework\configs\staged_training\stage_150_further.json,configs/staged_training/stage_150_further.json,true,data/staged_subgraphs/selected_subgraph_n150.graphml,150,2,true,checkpoints/staged_training/stage_150/best_model.pt,false,0.0,0.0,0.0,RI1,150,156,2986.73,cuda,1,300,19800,17400,99.50,237.56,7500,100.00,239.82,95.50,98.00,223.54,232.24,17400,99.50,237.56
results/runs/staged_training/last_run_stage_200.txt,staged_training,C:\Users\japaullu.tsis\Desktop\projects\RL_framework\configs\staged_training\stage_200.json,configs/staged_training/stage_200.json,true,data/staged_subgraphs/selected_subgraph_n200.graphml,200,2,true,checkpoints/staged_training/stage_150_further/best_model.pt,true,0.0,0.0,0.0,RI1,200,209,4171.94,cuda,2,300,21900,17400,99.00,235.53,15300,100.00,238.99,98.50,100.00,233.42,238.92,17400,99.00,235.53
results/runs/staged_training/last_run_stage_200_further.txt,staged_training,C:\Users\japaullu.tsis\Desktop\projects\RL_framework\configs\staged_training\stage_200_further.json,configs/staged_training/stage_200_further.json,true,data/staged_subgraphs/selected_subgraph_n200.graphml,200,2,true,checkpoints/staged_training/stage_200/best_model.pt,false,0.0,0.0,0.0,RI1,200,209,4171.94,cuda,1,300,19800,16800,100.00,239.43,16800,100.00,239.26,99.50,100.00,237.62,239.07,16800,100.00,239.43
results/runs/staged_training/last_run_stage_control.txt,staged_training,C:\Users\japaullu.tsis\Desktop\projects\RL_framework\configs\staged_training\stage_control.json,configs/staged_training/stage_control.json,true,data/staged_subgraphs/selected_subgraph_n100.graphml,100,2,false,,true,0.0,0.0,0.0,RI1,100,102,1706.70,cuda,2,200,30000,30000,87.00,191.66,22400,96.00,223.24,87.00,87.00,191.66,190.82,30000,87.00,191.66
results/runs/staged_training/last_run_stage_control_further.txt,staged_training,C:\Users\japaullu.tsis\Desktop\projects\RL_framework\configs\staged_training\stage_control_further.json,configs/staged_training/stage_control_further.json,true,data/staged_subgraphs/selected_subgraph_n100.graphml,100,2,false,,true,0.0,0.0,0.0,RI1,100,102,1706.70,cuda,2,200,35000,31800,93.00,215.80,32600,98.00,233.27,87.00,89.00,189.59,201.57,31800,93.00,215.80
results/runs/staged_training_new/last_run_stage_100_balanced_hard.txt,staged_training_new,C:\Users\japaullu.tsis\Desktop\projects\RL_framework\configs\stage_training_new\hard_training\stage_100_balanced_hard.json,configs/stage_training_new/hard_training/stage_100_balanced_hard.json,true,data/staged_subgraphs/selected_subgraph_n100.graphml,100,2,false,,false,0.5,0.5,10.0,RI1,100,102,1991.16,cuda,1,300,30000,21900,98.50,185.43,17400,100.00,184.56,97.50,99.50,174.11,183.05,21900,98.50,185.43
results/runs/staged_training_new/last_run_stage_100_balanced_warm.txt,staged_training_new,C:\Users\japaullu.tsis\Desktop\projects\RL_framework\configs\staged_training_new\stage_100_balanced_warm.json,configs/staged_training_new/stage_100_balanced_warm.json,false,,,2,True,checkpoints/staged_training/stage_100_no_optim/best_model.pt,False,,,,,100,102,1991.16,cuda,1,200,15000,9800,100.00,195.39,13400,100.00,189.98,99.00,99.50,188.98,186.24,9800,100.00,195.39
results/runs/staged_training_new/last_run_stage_100_fast_hard.txt,staged_training_new,C:\Users\japaullu.tsis\Desktop\projects\RL_framework\configs\stage_training_new\hard_training\stage_100_fast_hard.json,configs/stage_training_new/hard_training/stage_100_fast_hard.json,true,data/staged_subgraphs/selected_subgraph_n100.graphml,100,2,false,,false,0.5,0.5,5.0,RI1,100,102,1991.16,cuda,1,300,30000,29400,98.50,201.14,29400,100.00,208.18,96.00,99.00,189.11,200.63,29400,98.50,201.14
results/runs/staged_training_new/last_run_stage_100_fast_warm.txt,staged_training_new,C:\Users\japaullu.tsis\Desktop\projects\RL_framework\configs\profile_training_new\stage_100_fast_warm.json,configs/profile_training_new/stage_100_fast_warm.json,false,,,2,True,checkpoints/staged_training/stage_100_no_optim/best_model.pt,False,,,,,100,102,1991.16,cuda,1,200,15000,14600,100.00,210.34,8400,100.00,208.45,98.50,100.00,201.59,207.07,14600,100.00,210.34
results/runs/staged_training_new/last_run_stage_100_safe_hard.txt,staged_training_new,C:\Users\japaullu.tsis\Desktop\projects\RL_framework\configs\stage_training_new\hard_training\stage_100_safe_hard.json,configs/stage_training_new/hard_training/stage_100_safe_hard.json,true,data/staged_subgraphs/selected_subgraph_n100.graphml,100,2,false,,false,0.5,0.5,20.0,RI1,100,102,1991.16,cuda,1,300,30000,27300,97.50,137.83,28200,100.00,145.84,94.50,98.00,116.10,127.15,27300,97.50,137.83
results/runs/staged_training_new/last_run_stage_100_safe_warm.txt,staged_training_new,C:\Users\japaullu.tsis\Desktop\projects\RL_framework\configs\profile_training_new\stage_100_safe_warm.json,configs/profile_training_new/stage_100_safe_warm.json,false,,,2,True,checkpoints/staged_training/stage_100_no_optim/best_model.pt,False,,,,,100,102,1991.16,cuda,1,200,15000,5800,99.50,146.00,5200,100.00,148.26,98.50,99.50,144.22,141.98,5800,99.50,146.00
results/runs/warm_training_new/last_run_stage_100_balanced_warm_alt_no_HF.txt,warm_training_new,C:\Users\japaullu.tsis\Desktop\projects\RL_framework\configs\stage_training_new\warm_training_new\stage_100_balanced_warm_alt_no_HF.json,configs/stage_training_new/warm_training_new/stage_100_balanced_warm_alt_no_HF.json,true,data/staged_subgraphs/selected_subgraph_n100.graphml,100,2,true,checkpoints/staged_training/stage_100_no_optim/best_model.pt,false,0.0,0.0,10.0,RI1,100,102,1991.16,cuda,1,200,22000,18600,100.00,196.58,20200,100.00,192.79,99.50,99.50,189.66,187.27,18600,100.00,196.58
results/runs/warm_training_new/last_run_stage_100_balanced_warm_no_HF.txt,warm_training_new,C:\Users\japaullu.tsis\Desktop\projects\RL_framework\configs\stage_training_new\warm_training_new\stage_100_balanced_warm_no_HF.json,configs/stage_training_new/warm_training_new/stage_100_balanced_warm_no_HF.json,true,data/staged_subgraphs/selected_subgraph_n100.graphml,100,2,true,checkpoints/staged_training/stage_100_no_optim/best_model.pt,false,0.0,0.0,10.0,RI1,100,102,1991.16,cuda,1,200,15000,8600,100.00,194.81,11200,100.00,191.33,97.50,100.00,181.84,187.76,8600,100.00,194.81
results/runs/warm_training_new/last_run_stage_100_fast_warm_no_HF.txt,warm_training_new,C:\Users\japaullu.tsis\Desktop\projects\RL_framework\configs\stage_training_new\warm_training_new\stage_100_fast_warm_no_HF.json,configs/stage_training_new/warm_training_new/stage_100_fast_warm_no_HF.json,true,data/staged_subgraphs/selected_subgraph_n100.graphml,100,2,true,checkpoints/staged_training/stage_100_no_optim/best_model.pt,false,0.0,0.0,5.0,RI1,100,102,1991.16,cuda,1,200,15000,10200,100.00,212.81,11400,100.00,211.60,97.50,99.50,198.23,206.99,10200,100.00,212.81
results/runs/warm_training_new/last_run_stage_100_safe_warm_no_HF.txt,warm_training_new,C:\Users\japaullu.tsis\Desktop\projects\RL_framework\configs\stage_training_new\warm_training_new\stage_100_safe_warm_no_HF.json,configs/stage_training_new/warm_training_new/stage_100_safe_warm_no_HF.json,true,data/staged_subgraphs/selected_subgraph_n100.graphml,100,2,true,checkpoints/staged_training/stage_100_no_optim/best_model.pt,false,0.0,0.0,20.0,RI1,100,102,1991.16,cuda,1,200,15000,9000,99.50,152.34,3800,100.00,146.03,98.00,99.00,136.83,141.48,9000,99.50,152.34
